<?xml version="1.0"?>
<ArrayOfDldrProperties xmlns:xsi="http://www.w3.org/2001/XMLSchema-instance" xmlns:xsd="http://www.w3.org/2001/XMLSchema">
  <DldrProperties>
    <ytdlExeFilePath>./youtube-dl/youtube-dl.exe</ytdlExeFilePath>
    <cookieFilePath>./youtube-dl/youtube.com_cookies.txt</cookieFilePath>
    <downloadPath>D:/download/</downloadPath>
    <custDownloadResolution>best[filesize&lt;50M]/best[filesize&lt;100M]/best</custDownloadResolution>
    <watchLaterUrl>https://www.youtube.com/playlist?list=WL</watchLaterUrl>
    <threadCount>10</threadCount>
    <useDefaultYtdl>true</useDefaultYtdl>
    <skipCookie>false</skipCookie>
    <createSubFolderByPlaylistName>true</createSubFolderByPlaylistName>
    <skipCreatingSubFolderForWatchLater>true</skipCreatingSubFolderForWatchLater>
    <useCustDownloadResolution>false</useCustDownloadResolution>
  </DldrProperties>
</ArrayOfDldrProperties>